<!--
 ! Excerpted from "Programming Clojure, Third Edition",
 ! published by The Pragmatic Bookshelf.
 ! Copyrights apply to this code. It may not be used to create training material,
 ! courses, books, articles, and the like. Contact us if you are in doubt.
 ! We make no guarantees that this code is fit for any purpose.
 ! Visit http://www.pragmaticprogrammer.com/titles/shcloj3 for more book information.
-->
<compositions>
  <composition composer="J. S. Bach">
    <name>The Art of the Fugue</name>
  </composition>
  <composition composer="F. Chopin">
    <name>Fantaisie-Impromptu Op. 66</name>
  </composition>
  <composition composer="W. A. Mozart">
    <name>Requiem</name>
  </composition>
</compositions>

