<!--
 ! Excerpted from "Programming Clojure, Third Edition",
 ! published by The Pragmatic Bookshelf.
 ! Copyrights apply to this code. It may not be used to create training material,
 ! courses, books, articles, and the like. Contact us if you are in doubt.
 ! We make no guarantees that this code is fit for any purpose.
 ! Visit http://www.pragmaticprogrammer.com/titles/shcloj3 for more book information.
-->
<!-- example build script, taken from Clojure itself -->
<project name="clojure" default="all">

  <description>
    Build with "ant jar" and then start the REPL with:
    "java -cp clojure.jar clojure.main"
  </description>

  <property name="src" location="src"/>
  <property name="jsrc" location="${src}/jvm"/>
  <property name="cljsrc" location="${src}/clj"/>
  <property name="build" location="classes"/>
  <property name="clojure_jar" location="clojure.jar"/>
  <property name="slim_jar" location="clojure-slim.jar"/>

  <target name="init" depends="clean">
    <tstamp/>
    <mkdir dir="${build}"/>
  </target>
  
  <target name="compile-java" depends="init"
          description="Compile Java sources.">
    <javac srcdir="${jsrc}" destdir="${build}" includeJavaRuntime="yes"
           debug="true" target="1.5"/>
  </target>

  <target name="compile-clojure" depends="compile-java"
          description="Compile Clojure sources.">
    <java classname="clojure.lang.Compile"
          classpath="${build}:${cljsrc}">
      <sysproperty key="clojure.compile.path" value="${build}"/>
      <arg value="clojure.core"/>
      <arg value="clojure.main"/>
      <arg value="clojure.set"/>
      <arg value="clojure.xml"/>
      <arg value="clojure.zip"/>
      <arg value="clojure.inspector"/>
    </java>
  </target>

  <target name="clojure" depends="compile-clojure"
          description="Create clojure jar file.">
    <jar jarfile="${clojure_jar}" basedir="${build}">
      <fileset dir="${cljsrc}" includes="**/*.clj"/>
      <manifest>
        <attribute name="Main-Class" value="clojure.main"/>
        <attribute name="Class-Path" value="."/>
      </manifest>
    </jar>
  </target>

  <target name="jar" depends="clojure"/>

  <target name="all" depends="clojure,clojure-slim"/>
  
  <target name="clean"
          description="Remove autogenerated files and directories.">
    <delete dir="${build}"/>
  </target>

</project>
